URL,Lastmod,Changefreq,Priority
https://bigu.heytcm.com/,2025-03-19,daily,1.0
https://bigu.heytcm.com/ai-chat,2025-03-11,weekly,0.9
https://bigu.heytcm.com/assessment,2025-03-11,weekly,0.9
https://bigu.heytcm.com/classic-detail,2025-03-11,weekly,0.9
https://bigu.heytcm.com/community,2025-03-11,weekly,0.9
https://bigu.heytcm.com/de,2025-03-11,weekly,0.9
https://bigu.heytcm.com/goal-selection,2025-03-11,weekly,0.9
https://bigu.heytcm.com/home,2025-03-11,weekly,0.9
https://bigu.heytcm.com/ingredients-detail,2025-03-11,weekly,0.9
https://bigu.heytcm.com/knowledge,2025-03-11,weekly,0.9
https://bigu.heytcm.com/plan-detail,2025-03-11,weekly,0.9
https://bigu.heytcm.com/privacy,2025-03-11,weekly,0.9
https://bigu.heytcm.com/product-detail,2025-03-11,weekly,0.9
https://bigu.heytcm.com/products,2025-03-11,weekly,0.9
https://bigu.heytcm.com/register,2025-03-11,weekly,0.9
https://bigu.heytcm.com/resource-package,2025-03-11,weekly,0.9
https://bigu.heytcm.com/symptom-navigator,2025-03-11,weekly,0.9
https://bigu.heytcm.com/terms,2025-03-11,weekly,0.9
https://bigu.heytcm.com/tools,2025-03-11,weekly,0.9
https://bigu.heytcm.com/zh,2025-03-11,weekly,0.9